song_id, valence_mean, valence_std, arousal_mean, arousal_std,Mood
2,3.1,0.94,3,0.63,Sad
3,3.5,1.75,3.3,1.62,Sad
4,5.7,1.42,5.5,1.63,Happy
5,4.4,2.01,5.3,1.85,Angry
7,5.8,1.47,6.4,1.69,Happy
8,3.2,1.4,4.8,1.54,Sad
10,4,1.67,4.7,1.85,Sad
12,5.5,1.91,5.8,1.89,Happy
13,3.2,1.4,4,1.67,Sad
17,4.4,1.8,6,2.05,Angry
18,4.8,1.72,3.9,1.37,Sad
19,5.9,1.64,4.3,1.9,Relaxed
20,5.4,2.5,6.5,2.11,Happy
21,6.6,0.92,6.3,1.42,Happy
22,4,1.34,4.8,1.47,Sad
24,5.3,1.62,3.9,1.76,Relaxed
25,7.9,0.7,4.7,2.53,Relaxed
31,4.7,1.55,3.8,1.54,Sad
32,4.2,1.78,3.3,1.49,Sad
35,4.8,2.14,6.5,2.11,Angry
37,6.6,2.11,5.3,2,Happy
39,7.3,1.85,5.4,2.37,Happy
40,4.6,1.28,4.8,1.54,Sad
41,4.3,1.62,5.1,1.3,Angry
42,6.1,1.58,5.1,1.92,Happy
43,6.7,2.33,3.5,1.5,Relaxed
44,3.9,1.04,4.9,1.58,Sad
45,5.1,2.43,2.1,1.37,Relaxed
46,5.3,1.95,4,1.73,Relaxed
47,4.4,1.74,4.4,1.56,Sad
48,4.5,1.86,4.8,1.78,Sad
49,3.9,1.3,5.3,1.19,Angry
50,3.6,1.02,4.8,1.08,Sad
51,3.6,1.11,3.2,0.98,Sad
52,4.6,1.11,5.1,1.81,Angry
53,4.3,2.37,5.1,1.7,Angry
54,3.1,1.58,3.3,1.62,Sad
55,5.8,1.33,5.4,1.11,Happy
56,6.4,1.43,5.8,1.4,Happy
58,3.3,1.55,3.4,1.56,Sad
59,5.3,1.73,4.1,1.92,Relaxed
60,4.3,1.49,6.4,0.49,Angry
62,6.2,0.87,3.9,1.22,Relaxed
64,3.6,1.28,4.9,1.58,Sad
65,6.4,1.43,5.8,1.83,Happy
67,7.2,0.75,6.8,1.4,Happy
68,3.8,1.33,4.9,1.64,Sad
69,3.2,0.87,3.9,0.83,Sad
70,4.4,1.69,3.6,1.43,Sad
71,5.9,1.51,3.7,0.78,Relaxed
72,6.7,1.73,5.6,2.01,Happy
73,5.8,1.72,5.6,1.74,Happy
74,3,1.67,4.3,1.42,Sad
76,4.3,1.42,3.2,1.83,Sad
77,4.2,2.04,2.9,1.14,Sad
78,3.4,1.56,3.9,1.92,Sad
79,5.5,2.11,5.5,1.36,Happy
80,6,1.34,5.1,1.37,Happy
81,6.1,1.92,3.9,1.7,Relaxed
82,2.9,1.45,3.5,1.63,Sad
83,6.1,1.04,5.8,1.72,Happy
84,5.9,2.02,5.6,1.74,Happy
85,7.1,1.14,6.2,1.6,Happy
86,5.4,1.62,5.6,1.2,Happy
87,5.3,2.45,2.6,0.92,Relaxed
88,6.7,1.73,5.5,1.28,Happy
89,4.5,2.29,4.8,2.04,Sad
90,4.3,1.73,4.2,1.72,Sad
91,4.5,1.43,5.5,1.2,Angry
92,5.8,2.18,4.7,1.79,Relaxed
93,7.2,0.75,6,1.73,Happy
95,3.3,1.85,4.6,2.2,Sad
96,6.8,1.33,6.9,1.3,Happy
98,4.3,1.73,2.7,1.42,Sad
99,4.3,1.85,4.1,1.97,Sad
101,3.4,1.62,2.8,0.87,Sad
102,6.5,0.92,5.4,1.56,Happy
103,5.6,1.91,3.3,1.79,Relaxed
104,6.1,1.81,3.3,1.79,Relaxed
105,6.5,1.43,5,1.41,0
106,4.6,1.5,3.3,1.19,Sad
107,6,2,4.8,2.14,Relaxed
108,4.5,1.63,4.2,1.94,Sad
109,4.4,2.24,4.5,1.5,Sad
110,4.4,1.8,2.8,0.87,Sad
111,5.3,1.27,5.3,1.42,Happy
112,6.8,0.98,6.4,1.56,Happy
113,5.4,1.28,3.8,0.87,Relaxed
114,4.8,0.75,5.7,0.9,Angry
115,8.4,0.66,7.8,1.17,Happy
116,4.4,1.56,3.9,1.22,Sad
117,3.9,1.45,5,1.73,0
118,4.9,1.92,4.6,1.85,Sad
119,4.3,2.28,3.2,1.25,Sad
120,3.8,1.6,5,1.61,0
121,3.1,0.83,3.9,1.51,Sad
122,5.5,1.91,4.6,1.85,Relaxed
123,6.1,1.58,6.2,1.47,Happy
124,3.7,1.27,2.8,0.75,Sad
125,4.5,1.86,4.2,1.33,Sad
126,5.1,1.64,6.1,1.37,Happy
127,3,1.84,5.3,1.68,Angry
128,3.6,1.43,4,1.55,Sad
129,4.2,1.72,6,1.67,Angry
130,3.3,1.42,4.2,1.33,Sad
131,6.1,1.04,4.9,1.64,Relaxed
133,2.8,1.99,2.2,1.17,Sad
134,5.4,1.74,6,1.18,Happy
135,3.7,2.24,3.5,1.43,Sad
136,6.8,1.33,6.2,1.08,Happy
137,4.3,1.68,5.8,1.33,Angry
138,3.8,2.64,2.4,0.92,Sad
140,4.2,1.47,4.5,2.01,Sad
142,4.6,1.8,4.8,1.72,Sad
143,4,1.73,4.9,1.45,Sad
144,3.4,1.11,4.7,0.9,Sad
145,3.1,1.92,5.4,1.91,Angry
146,2.4,1.8,3.5,1.91,Sad
148,4.7,1.19,5,2.05,0
149,3.4,1.85,3.1,1.92,Sad
150,5,2.45,5.4,2.2,0
151,4,1.95,4.5,1.28,Sad
152,4.4,1.62,5.6,1.43,Angry
153,3.9,1.92,4.5,1.69,Sad
154,4.2,1.66,4.1,1.87,Sad
155,3.6,1.96,5.4,0.92,Angry
156,6.4,1.2,6.7,0.46,Happy
157,4,1.67,6.2,1.08,Angry
158,2.1,0.7,3.6,1.43,Sad
159,3.8,2.56,3.1,1.81,Sad
160,3.5,2.11,3.5,1.57,Sad
161,6.3,1.19,3.5,1.91,Relaxed
162,3.7,1.68,4.6,1.02,Sad
163,3.6,1.28,4.5,1.36,Sad
164,4.1,1.7,2.9,1.97,Sad
166,3.1,1.45,4.2,1.08,Sad
167,2.7,1.35,3.3,1.62,Sad
168,3.3,1.35,3.4,1.56,Sad
169,2.4,0.8,2.8,1.08,Sad
170,3,1.55,5,1.48,0
171,2.1,0.7,3.6,1.74,Sad
172,3.8,2.23,5,2.24,0
173,4.6,1.69,2.2,1.17,Sad
174,4,1.61,3.8,1.4,Sad
175,3.7,1.35,4.3,1.55,Sad
176,2.4,1.62,3.9,1.58,Sad
177,4.8,1.4,5.6,1.74,Angry
178,2.8,2.09,3.7,2.1,Sad
179,5.2,2.04,6,1.95,Happy
180,4.8,1.89,5.9,1.37,Angry
181,3.7,2.1,2.5,0.92,Sad
182,2.2,0.87,3.7,2.05,Sad
184,3.6,1.85,3.4,1.11,Sad
185,4.9,1.92,4.6,1.36,Sad
186,3.7,1.68,4,1.61,Sad
187,2.5,1.86,3.7,1.95,Sad
188,4,1.55,3.3,1.55,Sad
189,6.5,1.63,7.1,1.58,Happy
190,2.8,1.83,3.1,1.3,Sad
191,5.1,2.02,6.3,1.9,Happy
192,5.8,0.6,6.1,0.54,Happy
193,4.1,1.81,3,1.34,Sad
194,2.7,1.79,4.7,1.27,Sad
195,4.2,1.94,2.7,0.78,Sad
196,4.3,1.68,4.5,1.63,Sad
197,2.2,1.4,2.8,1.33,Sad
198,1.9,0.7,3.3,1.79,Sad
199,5.3,1.49,5.7,1.27,Happy
201,3.7,1.49,4.8,1.54,Sad
202,4.6,1.36,5.2,1.4,Angry
203,3.5,1.96,4.8,1.66,Sad
204,3.6,2.01,2.2,0.98,Sad
205,3,1.41,4.5,2.01,Sad
206,2.3,0.78,2.6,1.02,Sad
207,4.8,2.09,4.8,2.44,Sad
208,4.8,2.04,6.5,1.02,Angry
209,3.1,0.94,4.6,1.85,Sad
210,4.2,2.14,5.5,2.16,Angry
211,3.1,1.22,4.9,0.83,Sad
212,4.6,1.56,5.4,1.8,Angry
213,2.6,1.5,2.5,1.63,Sad
214,3.6,1.96,4.1,1.58,Sad
215,3.2,2.09,2.6,1.2,Sad
216,4.5,1.57,5.3,1.1,Angry
217,3.5,1.57,4.8,1.6,Sad
218,2.9,1.37,4,1.48,Sad
219,2.4,0.8,3.8,1.47,Sad
220,4.1,1.51,3.4,1.02,Sad
221,4.3,1.55,3.4,1.8,Sad
222,3.8,1.33,4.3,2.37,Sad
223,2.2,1.08,3.5,2.16,Sad
224,5.5,1.5,5.7,1.79,Happy
225,3.7,1.85,4.2,1.6,Sad
226,4.9,1.7,5,1.55,0
227,3.1,1.14,3.5,1.5,Sad
228,3.5,1.63,4,1.26,Sad
229,4.8,1.6,4.8,1.47,Sad
231,4.1,1.45,5.6,1.69,Angry
232,2.5,1.75,2.7,1,Sad
233,4.7,1.49,4.5,1.8,Sad
234,3.5,2.38,3.9,1.45,Sad
235,3,1.1,3.7,1.35,Sad
236,2.5,1.5,2.4,1.2,Sad
237,4.2,2.09,3.9,1.3,Sad
238,3,1.95,4.6,1.8,Sad
239,2.3,1.9,3.3,1.55,Sad
240,6.4,1.36,6.6,1.02,Happy
241,4.1,2.12,4.6,1.36,Sad
242,3.5,1.75,4.7,1.55,Sad
243,7.2,1.4,4.1,2.17,Relaxed
244,4.3,1.35,4.2,1.66,Sad
245,4.2,1.99,6.1,1.58,Angry
246,4.9,2.66,3.2,2.04,Sad
247,3.9,1.22,4.5,1.28,Sad
248,3.4,1.56,3.7,1,Sad
250,3.4,2.06,3.6,1.36,Sad
253,6.6,1.56,2.5,0.81,Relaxed
254,5.3,2.28,7.4,1.11,Happy
257,7.6,1.5,6.9,1.7,Happy
258,4.3,1.35,4.3,1.35,Sad
260,5.3,1.42,3.6,1.62,Relaxed
262,5.6,1.5,6.9,0.94,Happy
264,5.3,1.27,5.5,1.5,Happy
265,4.5,1.69,6.4,0.66,Angry
266,3.6,1.5,4.8,1.94,Sad
269,4.3,1.73,4.8,1.94,Sad
270,6.1,1.64,7.1,1.64,Happy
272,5.9,1.81,6.4,1.85,Happy
273,5.4,1.74,7.2,0.87,Happy
274,7.7,0.9,6,2,Happy
275,5.3,1.42,5.5,1.02,Happy
276,6.1,1.51,5.3,1.68,Happy
278,5.5,2.06,5.1,1.64,Happy
279,3.6,1.2,4.7,1.42,Sad
280,4.2,1.66,3.3,1.1,Sad
281,5.4,2.29,7,1.18,Happy
282,3.2,1.66,4.2,0.75,Sad
284,4.4,1.5,5.2,1.17,Angry
285,3.5,1.02,5.1,1.37,Angry
286,5.7,1.95,6.9,1.87,Happy
288,3.5,1.86,5.2,1.78,Angry
289,5.7,1.9,6.7,1,Happy
290,2.1,0.83,3.9,1.58,Sad
292,7.3,1,7.4,0.92,Happy
293,6.3,1.62,4.2,1.94,Relaxed
294,5.5,2.11,6.5,1.91,Happy
296,5.9,0.94,5.7,1.27,Happy
297,3.1,1.3,3.6,1.36,Sad
298,4,1.73,5.4,1.69,Angry
299,2.8,1.89,4.3,1.27,Sad
300,6.8,1.08,4.5,1.86,Relaxed
301,3.2,1.47,3.7,1.73,Sad
302,6.6,2.2,7,1.48,Happy
303,7,1.1,6.4,1.74,Happy
304,3.8,1.78,4.6,1.69,Sad
305,6.4,1.11,6.8,0.98,Happy
306,5.7,2.19,6.7,1.73,Happy
307,6.1,1.04,6.8,1.4,Happy
308,4.3,1.68,6.6,0.92,Angry
309,5.3,1.68,5.8,1.78,Happy
310,2.1,0.83,2.7,1,Sad
311,5.8,1.6,6.9,0.94,Happy
312,4.6,1.28,5.8,1.6,Angry
313,3.6,1.36,5.3,1.27,Angry
314,5.8,1.17,5.9,1.22,Happy
315,6.4,1.43,7.5,0.81,Happy
316,2.8,1.33,3.5,1.96,Sad
317,6.1,1.7,4.3,1.35,Relaxed
318,5.9,1.7,5.9,1.45,Happy
319,4.5,1.96,6.6,0.8,Angry
320,7.4,1.28,6.6,1.43,Happy
321,7.3,0.78,6,1.73,Happy
322,6.1,1.22,7.6,1.02,Happy
323,4.82,1.4,5.73,1.48,Angry
324,3.3,1.68,4.7,1.42,Sad
325,5.5,1.75,5.4,2.06,Happy
326,5.4,1.56,7.2,1.25,Happy
327,6,1.34,7.1,1.3,Happy
328,5.2,1.6,4.2,2.09,Relaxed
329,3.3,2.28,4.2,2.23,Sad
330,5.9,2.3,3.1,1.87,Relaxed
332,5.5,1.12,6.9,0.83,Happy
333,6.7,1.55,6.1,1.7,Happy
334,5.9,1.64,5.9,1.92,Happy
335,6.8,1.47,6.8,1.33,Happy
336,6.1,1.51,6.6,1.5,Happy
338,3,0.77,3.8,1.47,Sad
339,5.9,1.58,6.9,1.14,Happy
340,3.8,2.36,4.6,1.91,Sad
341,3.8,1.78,4.4,1.69,Sad
342,4,2.05,5.1,2.12,Angry
343,7,1.73,8.1,0.83,Happy
344,4.6,1.74,5.2,1.6,Angry
345,7.2,1.54,6.5,1.86,Happy
346,6.7,1,7.3,1.55,Happy
347,3.82,0.94,5.82,0.94,Angry
348,5,1.55,5.7,1.73,0
349,4.6,1.69,5.8,1.89,Angry
350,6,1.9,6.5,1.8,Happy
352,5.5,1.36,4.5,1.43,Relaxed
353,4,1.95,4.8,2.04,Sad
354,7.1,0.94,6.4,1.28,Happy
355,5.1,1.81,6.5,1.2,Happy
356,4.6,1.85,5.6,1.36,Angry
357,4.8,1.4,6.5,1.2,Angry
358,5.6,1.43,4.2,1.6,Relaxed
359,2.5,1.12,3.7,1.62,Sad
360,2.5,1.36,5.5,1.57,Angry
361,2.55,1.3,3.36,1.61,Sad
362,4,1.67,5.9,0.83,Angry
364,5.5,1.43,6.5,1.12,Happy
365,6,1.55,7.1,0.83,Happy
366,6.9,0.94,6.1,1.3,Happy
367,3.1,1.58,2.7,0.64,Sad
368,4.8,1.83,6.1,1.58,Angry
369,2.9,0.7,3.4,0.8,Sad
370,3.8,1.89,3.4,1.8,Sad
371,5.2,1.6,6.6,1.02,Happy
372,3.6,1.2,4.8,1.72,Sad
374,7,1,4.9,1.14,Relaxed
375,1.9,0.7,2.8,1.66,Sad
376,5,1.48,5.9,1.14,0
378,5.5,1.8,5.9,1.64,Happy
379,1.9,0.94,2.9,1.14,Sad
380,5.6,1.28,4.8,2.04,Relaxed
381,6,1.67,6.7,1.1,Happy
383,4.2,2.09,3.6,1.56,Sad
384,3.6,1.36,4.1,1.58,Sad
386,5,1.1,5.5,1.75,0
387,6.2,2.27,6.2,2.52,Happy
390,5.7,1,6.2,0.6,Happy
391,5.5,1.57,6.1,0.94,Happy
392,3.4,1.69,4.8,1.47,Sad
393,6,0.77,6.4,0.66,Happy
395,6.7,1.27,6.2,1.4,Happy
397,7,1.26,7,1.34,Happy
399,6.7,0.9,7,1,Happy
400,5.1,1.7,5.6,1.11,Happy
401,5.5,1.43,6.4,1.2,Happy
402,7.1,1.04,7.1,0.94,Happy
403,5.1,1.64,5.2,1.66,Happy
404,6.9,1.37,6.8,1.33,Happy
405,6.1,1.92,7.4,0.92,Happy
406,5.3,2.1,4.3,2.19,Relaxed
407,4.3,1.68,4.5,1.63,Sad
408,6.6,2.37,6.1,2.02,Happy
410,3.8,1.99,5.1,1.7,Angry
415,6,1.1,5.2,1.83,Happy
416,5.5,1.75,5.2,1.6,Happy
419,3.3,2,4,1.41,Sad
420,4.5,1.28,5.4,1.28,Angry
422,2.8,1.72,3.7,2.45,Sad
423,5.2,2.48,4.5,2.29,Relaxed
425,7.1,0.7,6.8,0.87,Happy
426,5.3,1.68,5.3,1.42,Happy
427,5.2,1.47,5.8,0.75,Happy
428,6.6,1.02,6.6,0.92,Happy
429,3.3,1.1,4.3,1.9,Sad
430,4,2.24,2.9,1.04,Sad
431,6.1,1.76,5.5,1.91,Happy
432,5.3,2,5.3,1.68,Happy
435,4.5,1.75,5.9,1.51,Angry
436,4.3,2,5.2,1.83,Angry
437,5.2,1.83,4.3,2.1,Relaxed
440,5.3,2.15,6.3,1.73,Happy
441,4.6,1.69,5.1,1.51,Angry
442,4.1,1.87,4.5,1.57,Sad
444,2.3,1.1,2.5,1.2,Sad
445,2.4,1.02,4.6,1.62,Sad
448,6.7,1.95,6.5,1.96,Happy
449,3.6,2.06,3.8,1.83,Sad
450,4.1,2.02,5,1.73,0
451,4.9,1.3,4.4,1.8,Sad
452,5.45,1.53,6.75,1.44,Happy
453,4.6,1.8,5.6,1.2,Angry
454,5,2.45,4.8,1.47,0
455,5.4,1.74,5.7,1.19,Happy
456,6.1,2.7,2.3,1.27,Relaxed
458,3.4,1.69,5,1.79,0
459,6.3,0.78,6.1,1.22,Happy
460,3.8,2.09,3.8,1.72,Sad
461,4.8,1.4,4.4,1.56,Sad
462,5.8,1.66,4.6,2.06,Relaxed
463,5,2.05,5.7,1.68,0
464,5.1,1.22,5.6,1.5,Happy
466,6.6,1.56,5.9,1.22,Happy
467,5.7,2.19,6.8,1.17,Happy
468,3.6,1.62,3.4,2.15,Sad
469,5.1,1.58,5.3,0.9,Happy
472,6.5,2.11,5.2,1.54,Happy
473,7.1,1.22,5.5,2.2,Happy
475,5.6,2.01,5,2,0
477,7.1,1.51,7.2,1.17,Happy
478,2.8,1.17,3.2,1.08,Sad
479,4.5,1.8,5.7,0.9,Angry
480,2.7,1.62,4.1,1.14,Sad
481,3.4,1.56,4.7,1.95,Sad
482,1.9,0.7,3.5,2.2,Sad
484,6.4,1.28,6.5,1.28,Happy
485,2.6,0.92,3.7,1.42,Sad
486,6.2,1.83,5.7,1.62,Happy
487,4.5,1.57,5.3,1.19,Angry
488,1.6,0.8,3.4,1.28,Sad
489,4.6,1.74,5.2,1.78,Angry
490,3.9,1.51,3.7,1.68,Sad
492,4.4,1.91,4.8,1.72,Sad
493,3.7,1.55,4.9,1.14,Sad
494,3.7,1.62,4.1,1.7,Sad
496,4.7,2.15,5.9,1.81,Angry
497,6.2,1.54,5.7,2.24,Happy
498,2.9,1.87,2.8,1.47,Sad
499,3.6,1.56,3.6,1.56,Sad
500,6,1.79,5.2,1.66,Happy
501,2.5,1.12,4.4,0.92,Sad
502,4.8,1.78,4.6,1.62,Sad
503,5.8,1.66,6.4,1.02,Happy
504,4.8,0.87,4,0.77,Sad
506,2.9,0.94,4.1,1.37,Sad
507,4.9,1.14,4.8,1.17,Sad
512,5.1,1.7,5.4,1.91,Happy
513,3.1,1.64,4.2,1.47,Sad
514,4.3,1.85,5.8,1.89,Angry
515,3.8,1.4,3.4,1.2,Sad
518,4.1,1.7,3.4,1.11,Sad
519,6.8,1.83,5.3,1.79,Happy
520,4,1.55,5.5,1.36,Angry
521,3.8,1.54,4.6,2.06,Sad
522,3.5,2.11,2.7,0.9,Sad
523,5.1,1.7,5.9,1.87,Happy
524,3.3,1.27,4,1.1,Sad
525,4.3,1.55,4.8,1.99,Sad
527,4,1.67,5.7,1.95,Angry
529,4.7,1.55,5.8,1.17,Angry
530,3.3,1.42,3.5,1.57,Sad
535,6.1,2.02,6.5,1.69,Happy
536,5.1,1.37,4.5,0.81,Relaxed
537,5,2.45,2.6,1.8,0
540,4.1,1.87,4.4,1.5,Sad
544,4.8,2.14,4.5,1.75,Sad
547,3.4,1.85,4.8,2.09,Sad
550,4.2,1.78,5.9,1.87,Angry
551,3.2,1.47,4,1.41,Sad
554,2.8,2.27,5,2.37,0
555,5.2,1.6,4.8,1.66,Relaxed
556,5.6,2.06,6.1,1.64,Happy
558,2.8,1.83,3.2,1.66,Sad
560,2.9,1.22,4.6,1.62,Sad
561,6.9,0.7,7,0.89,Happy
564,4.7,1.68,4.9,1.64,Sad
565,3.1,1.51,3,1,Sad
568,5.4,1.5,3.1,1.37,Relaxed
574,4.5,2.06,4.8,1.94,Sad
577,5.6,1.56,5.5,1.28,Happy
579,3.1,1.92,3.2,1.33,Sad
580,2.4,1.02,4.4,1.28,Sad
581,5.3,1.19,6,1,Happy
582,3.1,1.37,4.9,1.64,Sad
584,2.5,1.12,2.4,0.8,Sad
585,4,1.41,4.2,1.66,Sad
586,5.2,1.4,5.9,0.7,Happy
591,5.7,1.68,6.2,2.09,Happy
592,5.45,1.08,5.09,2.11,Happy
594,4.2,1.83,3.1,1.51,Sad
597,4.8,1.78,6.4,0.8,Angry
598,4,1.61,5.6,1.02,Angry
600,3.5,1.8,4,2.1,Sad
605,4.4,1.74,6,1.55,Angry
606,4.1,1.76,5.6,1.5,Angry
607,4.4,1.74,6.1,1.3,Angry
608,2.9,1.64,3.8,1.89,Sad
609,5.3,1.82,5.55,1.69,Happy
610,6.3,1.35,6.5,1.75,Happy
611,5.1,1.58,4.8,1.72,Relaxed
612,5.6,1.2,6.6,0.49,Happy
613,5.2,2.18,6.8,1.4,Happy
614,4.3,1.49,3.7,1.35,Sad
615,3.2,1.72,5,0.77,0
616,3.5,1.43,5,1.18,0
617,6.5,1.69,3,1.34,Relaxed
620,5.8,1.25,4.4,1.56,Relaxed
621,2.9,1.22,4.4,1.11,Sad
622,4.5,2.11,5,1.79,0
623,3.8,1.66,5.9,1.58,Angry
625,3.1,1.45,4.4,1.2,Sad
628,4.9,2.07,6.8,1.66,Angry
629,7.4,0.92,7.6,0.8,Happy
631,7.6,1.5,3.1,2.34,Relaxed
632,4.2,2.09,5.4,1.8,Angry
634,4.7,2.33,5.8,1.54,Angry
635,6.6,0.92,7.6,1.02,Happy
637,2.2,0.87,3.6,1.96,Sad
638,3.2,1.47,4.4,1.62,Sad
639,6.1,0.94,6.3,1.1,Happy
640,7.6,0.8,7.8,0.75,Happy
643,3.5,1.12,4.2,1.72,Sad
644,4.3,1.62,5.6,1.96,Angry
645,4.6,1.91,5.7,1.68,Angry
646,3.1,1.3,3.8,1.4,Sad
647,3,1,5.8,0.87,Angry
648,5.1,2.07,6.8,1.54,Happy
649,6.2,0.98,6.7,0.64,Happy
650,6,1,4.2,1.66,Relaxed
651,6.4,1.02,7.1,0.7,Happy
652,3.2,1.72,4.3,1.62,Sad
653,5.3,2,6.5,1.02,Happy
654,5.1,1.81,4.4,1.69,Relaxed
656,2.6,1.11,4.1,1.45,Sad
657,5.1,0.94,5.6,0.8,Happy
658,4.4,1.56,5.7,1.27,Angry
660,2.1,1.14,2.8,1.4,Sad
661,2.2,1.72,2.8,1.66,Sad
662,5.9,1.22,5.1,2.12,Happy
663,3.3,1.79,4.3,1.49,Sad
664,7,1,6.6,1.43,Happy
665,5.7,1.73,6.2,1.6,Happy
666,5.3,1.42,5,1.9,0
667,4.2,1.4,4.9,1.22,Sad
668,5,1.55,5.3,1.62,0
671,3.1,1.51,3.7,1.55,Sad
672,4.4,2.33,6.3,1.73,Angry
673,6.6,1.28,6.7,1.35,Happy
674,6.8,1.33,7.4,1.36,Happy
675,5.1,1.45,5.8,1.25,Happy
676,6.6,2.37,6.6,2.37,Happy
677,6.5,1.91,5.3,1.79,Happy
681,4.9,2.12,6.6,1.74,Angry
682,4.8,1.33,6,0.77,Angry
684,4.3,1.62,4.9,1.45,Sad
685,4.5,2.01,3.6,2.01,Sad
686,3.4,1.56,5.5,1.43,Angry
687,7.3,1.1,7.4,0.92,Happy
688,4.3,1.42,5,1.61,0
689,3.8,1.66,4.6,1.43,Sad
690,2.4,2.01,4.4,2.06,Sad
691,5,1.61,3.7,1.27,0
692,6.9,1.37,6.1,1.7,Happy
693,6.2,1.6,5.3,1.95,Happy
695,5.9,1.58,6.2,1.72,Happy
696,5.3,2.24,5.8,2.23,Happy
697,4.8,1.54,5.8,1.08,Angry
698,3.9,1.92,3.7,1.62,Sad
699,3.7,1.79,4.5,1.5,Sad
700,4.8,1.4,5.6,1.36,Angry
702,7.5,1.43,3.3,1.95,Relaxed
703,5.1,2.02,6,1.61,Happy
704,4.1,1.04,4.2,1.4,Sad
706,5.5,0.81,6,0.89,Happy
707,3.2,2.52,3.1,1.81,Sad
708,3.2,2.18,3.2,1.6,Sad
709,5.8,1.47,5,1.79,0
710,5.4,1.36,5.1,1.3,Happy
711,2.9,1.14,3.1,1.14,Sad
712,3.4,1.11,5.3,1.42,Angry
713,4.9,2.17,6.3,2,Angry
714,4.4,1.8,4.8,1.78,Sad
715,2.9,1.37,4.3,1.68,Sad
717,4.5,1.28,4.9,1.22,Sad
718,5.9,1.58,6.5,1.63,Happy
719,7.1,1.14,7.2,1.17,Happy
721,5.7,1.79,5.5,1.02,Happy
722,5.7,1.55,7,0.63,Happy
723,6.5,1.75,7.2,1.08,Happy
724,6,1,6.1,1.04,Happy
725,5.1,1.7,5.1,1.45,Happy
726,7,2.14,3.6,1.74,Relaxed
727,4.3,1.68,4.5,1.86,Sad
728,6.9,1.76,7.5,1.2,Happy
729,6.4,1.02,3.5,1.57,Relaxed
730,3.7,1.62,4.5,1.02,Sad
731,7.3,1.62,5.8,1.78,Happy
732,5.6,1.74,6.3,0.9,Happy
733,4.3,1.42,5,1.48,0
734,5.7,1.79,6.3,1.55,Happy
735,4.3,1,4.9,0.94,Sad
736,2.7,1.42,3.7,0.9,Sad
737,4.1,0.94,4.9,1.22,Sad
738,5.5,1.43,6.2,1.33,Happy
739,6.2,1.54,6.9,0.94,Happy
740,3.7,1.79,4,1.34,Sad
741,4.6,1.5,4.4,1.5,Sad
742,6.1,2.12,6.5,1.63,Happy
743,3.1,1.45,5,1.95,0
744,6.1,1.3,5.5,1.12,Happy
745,4.2,1.08,1.6,0.66,Sad
746,3.7,1.73,4.6,1.91,Sad
747,3.6,1.36,4.9,1.22,Sad
748,5.1,1.92,4.4,1.56,Relaxed
749,4.2,1.25,4.9,1.37,Sad
750,5.3,2,5.7,1.9,Happy
756,5.9,1.87,6.8,0.75,Happy
757,6,1.26,6.1,1.37,Happy
758,4.8,1.89,5.9,1.04,Angry
759,6.7,0.9,5.9,1.14,Happy
763,3.5,1.43,5.5,1.36,Angry
764,6.3,1.62,7.5,0.92,Happy
767,5.2,1.25,6.5,0.5,Happy
769,6.2,1.66,5,2.05,0
773,4.5,1.75,4.7,2,Sad
775,3.7,1.55,4.4,1.5,Sad
776,3.5,1.75,4.5,2.2,Sad
777,6.2,2.14,5.1,2.17,Happy
779,2.8,1.47,5.3,1.42,Angry
780,5.8,1.4,6.2,1.54,Happy
781,4.9,2.02,6.3,2.1,Angry
782,7.2,1.4,4.7,2.45,Relaxed
784,4.7,1.68,5.7,1.35,Angry
787,6.1,1.81,6.3,1.62,Happy
789,3.9,2.26,5.2,1.94,Angry
790,7.2,1.25,5.4,1.43,Happy
791,2.7,1.27,4.6,1.69,Sad
794,2.5,1.02,4.2,1.08,Sad
795,2.2,0.98,3.5,1.12,Sad
796,5.2,2.27,5.1,1.87,Happy
797,4.9,2.12,5.4,1.85,Angry
798,6.5,1.43,5.9,1.76,Happy
799,4.1,1.22,5.6,0.66,Angry
800,4.5,1.63,4.5,1.86,Sad
801,3.3,2,3.5,2.11,Sad
804,6.9,1.04,6.8,0.6,Happy
805,2.2,0.98,3.5,1.36,Sad
806,6.4,1.69,6.6,1.8,Happy
807,4.8,1.6,6.5,0.92,Angry
808,3.1,1.51,4.3,1.85,Sad
810,6.5,1.57,6.6,0.66,Happy
811,4.1,1.45,4.9,1.37,Sad
813,6.2,1.17,6.7,1,Happy
814,6.1,1.37,5.3,1.62,Happy
815,5.5,1.57,5.9,0.94,Happy
818,5.9,1.3,6.8,1.4,Happy
819,4,1.84,5.7,1.42,Angry
820,6.4,1.43,6.4,1.36,Happy
823,4.8,1.54,4.8,1.17,Sad
824,7.2,1.4,7,1,Happy
825,4.1,2.21,5.7,1.19,Angry
826,4,1.55,4.7,1.35,Sad
829,2.3,1,4.5,1.36,Sad
830,5.3,1.49,5.9,1.45,Happy
831,5.2,1.17,6.2,0.75,Happy
833,5,1.55,5.8,1.17,0
834,4.7,1.73,4.3,1.79,Sad
836,7.1,1.14,5.7,1.9,Happy
839,5.7,1.35,4.4,1.74,Relaxed
841,4.2,1.4,4.7,1.19,Sad
844,3.8,1.99,3.4,1.2,Sad
845,5.1,1.87,4,1.73,Relaxed
846,6,1.1,5.5,1.12,Happy
848,2.2,1.33,2.7,1.1,Sad
850,3.6,1.91,3.1,1.3,Sad
851,5,0.77,4.4,1.02,0
852,4.5,1.5,4.7,2.05,Sad
854,2.9,1.3,3.8,1.47,Sad
855,2.9,1.87,4.5,1.36,Sad
856,6.7,0.9,5.6,0.8,Happy
857,4.9,1.87,5.3,1.95,Angry
858,4.4,2.01,4.5,2.2,Sad
859,3.6,2.01,5.1,2.02,Angry
860,6.6,0.92,6.7,1.27,Happy
863,6.4,1.11,7,1,Happy
864,5.7,1.1,5.9,1.04,Happy
865,2.8,1.78,4.6,1.5,Sad
866,5.8,1.17,5.1,1.58,Happy
867,5.8,1.83,6.5,2.01,Happy
869,2.6,1.69,4.1,1.92,Sad
871,6.4,1.36,6,1.84,Happy
872,3.4,1.62,5.5,1.8,Angry
873,6.8,0.98,7,0.77,Happy
874,6.3,1.49,4.4,1.96,Relaxed
876,6.3,2.19,6.7,1.68,Happy
879,5.6,1.02,6,1.26,Happy
880,4.9,2.12,3.8,1.66,Sad
882,5.3,1.68,5.2,1.47,Happy
884,5.5,1.96,5,1.48,0
886,5.9,0.94,5.4,1.36,Happy
887,5.1,1.64,5.6,1.43,Happy
889,6.9,1.7,7.2,1.54,Happy
890,3.6,1.56,4.7,1.68,Sad
891,3.4,1.43,5.5,1.02,Angry
892,3.9,2.02,2.9,1.14,Sad
893,7.3,1.85,3.3,2.05,Relaxed
897,4.9,1.37,4.3,1.35,Sad
898,6.4,1.91,5.5,1.91,Happy
899,5.3,1.79,6.3,1.55,Happy
902,7,0.77,3.3,1.55,Relaxed
903,5.9,1.14,5.6,1.2,Happy
904,5.7,1.19,4.2,1.72,Relaxed
908,5.5,1.12,4.9,1.64,Relaxed
909,6,1.9,5.5,2.2,Happy
910,7,1.55,6.6,1.74,Happy
911,7.1,1.22,4,1.48,Relaxed
913,4.8,1.94,3.3,1.55,Sad
915,5,1.9,5.2,1.54,0
921,5.9,1.14,6.1,1.3,Happy
924,5.4,1.8,6.2,1.4,Happy
925,4.9,1.51,5.7,1.62,Angry
926,4,1.61,5.5,1.02,Angry
928,5,1.95,4,1.79,0
931,6.3,2.19,6.5,1.75,Happy
932,4.5,1.36,4.9,1.76,Sad
934,6.2,1.78,6.4,1.62,Happy
936,5.4,1.56,4.7,1.68,Relaxed
938,7.3,0.78,4.2,1.33,Relaxed
939,6.2,1.4,2.7,1.1,Relaxed
941,7.2,0.98,5.9,1.7,Happy
942,4.8,1.6,4.1,1.97,Sad
944,7.1,0.94,6.5,1.2,Happy
945,2.3,1.35,2.8,1.47,Sad
949,5.7,1.49,6.1,1.22,Happy
952,4.2,2.14,3.7,1.35,Sad
954,5.1,1.58,5.5,1.02,Happy
955,3.8,1.4,5.6,0.8,Angry
956,4.5,1.02,5.4,0.92,Angry
957,2.8,1.08,4.7,1.55,Sad
958,5.5,1.86,5.1,1.81,Happy
959,6.2,1.94,6.4,2.01,Happy
960,7.7,1.27,7.7,0.78,Happy
961,5.6,0.8,5.5,1.2,Happy
962,7.4,0.92,3.4,1.5,Relaxed
964,7.6,0.92,7,1.48,Happy
967,2.8,2.09,4.4,2.15,Sad
968,3.8,2.14,3.2,1.72,Sad
970,6.6,1.56,6.6,1.56,Happy
973,6.5,1.8,4.6,2.11,Relaxed
974,4.1,1.64,4.2,1.78,Sad
976,6.2,1.08,5.9,1.22,Happy
977,7.3,1,3.5,1.63,Relaxed
978,7.7,1.42,6.1,2.02,Happy
979,3.1,1.58,5.5,1.86,Angry
980,5.8,1.17,4.3,1.73,Relaxed
981,6.7,1.79,6.6,1.5,Happy
983,4.8,2.23,6.3,1.27,Angry
985,3.9,1.81,6.1,1.22,Angry
986,5.8,0.98,4.5,1.96,Relaxed
987,6.3,1.62,3.6,1.56,Relaxed
988,5.4,1.2,5.9,1.51,Happy
989,6.3,2,6.4,1.56,Happy
990,6,1.61,6.1,1.51,Happy
991,3.1,1.3,3.5,1.5,Sad
993,4.4,1.2,3.8,1.17,Sad
994,6.6,1.74,5.3,1.55,Happy
995,4.7,1.27,2.4,0.92,Sad
996,6,1.61,6.7,1.68,Happy
997,6.4,2.11,6.7,1.68,Happy
999,4.1,2.3,5.9,1.58,Angry
1000,6.8,1.6,5.6,2.06,Happy
1001,4.4,1.5,3.8,1.72,Sad
1002,4.5,1.5,3.2,1.54,Sad
1003,5.3,1.79,3.3,1.35,Relaxed
1004,3.8,0.98,4.7,1.49,Sad
1005,5.4,1.28,5.1,1.22,Happy
1006,4.6,1.36,4.4,2.11,Sad
1007,5.2,1.47,5.4,1.56,Happy
1008,6,1.55,5.4,1.5,Happy
1009,3.5,1.69,3.7,1.85,Sad
1010,6.5,1.63,6.5,1.5,Happy
1011,4.5,1.43,3,1.1,Sad
1012,4.3,1.62,2.9,1.51,Sad
1013,3.2,1.4,3.5,1.75,Sad
1014,4.9,1.04,4.5,1.28,Sad
1015,5.9,1.58,6.3,1.55,Happy
1016,3.3,1.42,1.9,0.7,Sad
1017,4.1,1.3,3.8,1.66,Sad
1018,3.7,1.49,2.5,1.28,Sad
1019,4.3,1.68,2.8,1.08,Sad
1020,3.4,1.43,2.5,0.81,Sad
1021,6.2,1.66,4.8,1.17,Relaxed
1022,3.3,1.19,3.3,1.68,Sad
1023,2.9,1.37,2.3,0.78,Sad
1024,3.2,1.47,2.9,1.14,Sad
1025,5.1,2.21,6.1,1.81,Happy
1026,3.7,1.73,2.8,1.83,Sad
1027,4.6,0.92,3.8,0.75,Sad
1028,4.5,1.28,4.8,1.25,Sad
1029,3.9,0.99,4.5,1.08,Sad
1030,5.7,1.42,5.2,1.25,Happy
1031,4.8,1.4,5,1.84,0
1032,3.3,1.42,4.1,1.92,Sad
1033,5.3,1.19,5.6,0.92,Happy
1034,3.3,1.55,2.8,1.08,Sad
1035,4.3,1.49,4.2,1.94,Sad
1036,4.8,1.6,3,0.89,Sad
1037,5,0.63,4.4,1.36,0
1038,5,1.26,4.1,1.64,0
1039,6.3,1.49,4.6,1.5,Relaxed
1040,6.2,1.54,5.3,1.35,Happy
1041,5.6,1.2,5.4,1.62,Happy
1042,5,1.18,4.3,1.85,0
1043,4.9,1.76,5,1.41,0
1044,7.1,1.64,6.1,1.81,Happy
1045,4.4,1.43,3.1,1.22,Sad
1046,5.6,1.69,5,2.05,0
1047,5.3,1.19,4.4,1.5,Relaxed
1048,5,2.19,6.7,1,0
1049,5.3,2.28,6.7,1.95,Happy
1050,6,1.26,5.8,1.08,Happy
1051,5.2,1.08,5.3,1.1,Happy
1052,5.5,2.25,6.6,1.62,Happy
1053,4.5,2.11,6.3,1.19,Angry
1054,3.7,2.49,6.3,2.49,Angry
1055,3.7,2.53,6.3,2.1,Angry
1056,4.2,1.47,5,1.84,0
1057,4.7,2.28,7.1,1.58,Angry
1058,4,2.05,5.8,2.04,Angry
1059,4.7,2.71,7.5,1.78,Angry
1060,5.2,2.09,6.1,1.87,Happy
1061,6.5,1.8,6.2,1.83,Happy
1062,4.1,1.64,4.3,1.55,Sad
1063,5.2,1.66,6.4,1.5,Happy
1064,5.2,2.25,7.1,1.52,Happy
1065,6,1.41,6.4,1.28,Happy
1066,6.1,1.37,5.5,1.43,Happy
1067,4,1.34,3.4,1.69,Sad
1068,5.9,1.45,5.3,1.62,Happy
1069,4.3,2.41,5.6,1.43,Angry
1070,5.2,1.33,5.8,0.98,Happy
1071,6.5,1.2,5.3,1.1,Happy
1072,6.3,1.1,5.5,1.2,Happy
1073,5.2,1.25,3.8,1.66,Relaxed
1074,6.8,0.98,6.4,1.69,Happy
1075,6.4,1.74,6.6,0.92,Happy
1076,6,1.26,5,1.55,0
1077,6.4,1.36,4.8,1.66,Relaxed
1078,6.8,0.87,6,1.48,Happy
1079,6.9,1.14,5.6,1.85,Happy
1080,6,1.18,5,1.61,0
1081,5,1.26,3.5,1.36,0
1082,6.7,1.27,6.4,1.5,Happy
1083,6.1,1.81,6.6,1.69,Happy
1084,5.1,1.22,3.4,1.28,Relaxed
1085,6.1,1.37,5.2,1.78,Happy
1086,5.9,1.3,4.3,1,Relaxed
1087,6,1.73,6.4,1.5,Happy
1088,7.3,0.9,6.6,1.11,Happy
1089,6.4,1.69,6.6,1.5,Happy
1090,5.6,1.69,6.6,1.36,Happy
1091,5.7,2.15,5.8,1.6,Happy
1092,5.8,1.54,6.3,1.35,Happy
1093,5.8,1.47,6,1.61,Happy
1094,6.4,1.2,6.3,1.27,Happy
1095,6.2,1.6,6.2,1.47,Happy
1096,3.8,1.08,3.6,1.5,Sad
1097,5.5,1.69,5.4,1.91,Happy
1098,6.8,1.4,6.3,1.73,Happy
1099,5.7,1.85,5.9,1.76,Happy
1100,6.3,1.19,5.6,1.28,Happy
1101,3.7,1.42,2.4,1.43,Sad
1102,2.3,0.78,4.5,2.16,Sad
1103,3.6,1.56,3.5,1.91,Sad
1104,4.2,1.54,4.4,1.28,Sad
1105,3.8,1.47,3.7,1.9,Sad
1106,3,1.34,3.9,1.97,Sad
1107,3,1.26,3.2,1.33,Sad
1108,4.8,1.17,3.7,1.42,Sad
1109,4.2,2.18,2.4,1.02,Sad
1110,5.1,2.17,5.4,1.74,Happy
1111,3.2,1.4,2.9,1.58,Sad
1112,3.1,1.45,2.3,1.27,Sad
1113,3.4,1.5,3,1.55,Sad
1114,3.4,1.56,3.3,2.37,Sad
1115,4.4,2.37,3.9,1.97,Sad
1116,5.7,1.9,3,1.41,Relaxed
1117,4.2,1.33,3.4,1.5,Sad
1118,4,1.84,1.9,0.7,Sad
1119,3.4,2.01,2.1,1.04,Sad
1120,3.4,1.56,2.8,1.08,Sad
1121,3.9,1.76,2.3,1.1,Sad
1122,6.8,1.94,5.4,1.5,Happy
1123,3.1,1.64,3.1,1.97,Sad
1124,5.4,1.62,5.1,1.22,Happy
1125,4.9,1.14,3,1.41,Sad
1126,3.9,1.81,3.2,1.25,Sad
1127,3.4,1.62,3,1.55,Sad
1128,3.7,1.55,2.7,1.49,Sad
1129,3.5,1.75,2.4,0.66,Sad
1130,3.8,1.17,3.1,1.58,Sad
1131,4.5,1.69,3.4,1.96,Sad
1132,4.6,1.62,3.4,0.66,Sad
1133,5,2.05,2.4,1.96,0
1134,4.1,1.87,2.1,1.04,Sad
1135,3.1,1.51,2.7,1.35,Sad
1136,4.5,1.36,3.4,1.91,Sad
1137,4.3,1.42,4.2,1.33,Sad
1138,4.4,1.56,3.7,1.79,Sad
1139,5.1,1.92,2.5,1.02,Relaxed
1140,5.9,1.45,5.4,1.43,Happy
1141,4.5,1.36,3.6,1.28,Sad
1142,3.2,1.66,2.1,1.3,Sad
1143,3.8,1.4,5.1,1.76,Angry
1144,3.7,1.49,4.6,1.62,Sad
1145,4.7,1.95,2.4,1.2,Sad
1146,2.6,1.2,3.4,1.62,Sad
1147,4.6,1.5,3.6,1.2,Sad
1148,3.4,1.85,3,1.41,Sad
1149,4,1.73,2.6,1.36,Sad
1150,4.1,1.7,2.3,0.64,Sad
1151,5,1.73,5.6,1.2,0
1152,6.1,1.58,5.6,1.28,Happy
1153,3.9,1.81,2.5,0.67,Sad
1154,3.9,1.7,4.4,1.56,Sad
1155,4.2,1.66,4.3,1,Sad
1156,7,1.34,5.6,2.2,Happy
1157,6.9,0.94,6.1,1.37,Happy
1158,6.2,1.33,6.2,1.78,Happy
1159,5.8,1.94,6,1.67,Happy
1160,6.4,0.66,5.4,1.5,Happy
1161,4.1,1.87,2.5,1.5,Sad
1162,3.6,1.11,3.8,1.72,Sad
1163,6.2,1.89,5.3,1.49,Happy
1164,3.6,1.56,3.1,1.22,Sad
1165,3.5,1.43,2.8,1.17,Sad
1166,4.6,1.85,3.3,1.9,Sad
1167,3.6,1.8,2.8,1.25,Sad
1168,4.4,2.54,3.3,1.68,Sad
1169,3.9,1.7,2.8,1.25,Sad
1170,3.1,1.7,2.1,0.94,Sad
1171,3.6,1.56,1.9,1.04,Sad
1172,3.9,2.02,2.5,1.5,Sad
1173,4.3,1.49,4,2.05,Sad
1174,3.6,2.15,3.3,1.79,Sad
1175,3.7,1.27,3.4,1.02,Sad
1176,4.9,1.81,2.7,1.62,Sad
1177,5.2,2.14,3.3,1.9,Relaxed
1178,4.9,2.12,4.5,1.96,Sad
1179,3.4,1.02,4.1,1.37,Sad
1180,3.3,1.62,2.6,1.02,Sad
1181,3.7,1.42,4.4,1.91,Sad
1182,2.7,1.35,2.2,1.17,Sad
1183,3.7,2.1,3.2,1.89,Sad
1184,4.2,1.6,2.3,1.27,Sad
1185,6.2,1.6,4.8,1.47,Relaxed
1186,3.7,1.55,1.9,0.83,Sad
1187,4.4,1.96,4.1,1.81,Sad
1188,4.7,1.85,3.3,1.42,Sad
1189,4.8,1.78,3.2,1.4,Sad
1190,3.5,1.75,2.2,0.87,Sad
1191,4.4,1.85,2.6,1.2,Sad
1192,3.7,1.95,2.9,1.22,Sad
1193,4.4,1.43,3.9,1.45,Sad
1194,3.4,1.43,2.5,1.2,Sad
1195,4.2,2.23,4,1.48,Sad
1196,3.8,1.6,2.7,1.55,Sad
1197,3.9,1.64,2.8,1.54,Sad
1198,3.5,2.06,1.8,0.98,Sad
1199,4.5,1.96,3.5,1.36,Sad
1200,3.2,1.08,3.6,1.43,Sad
1201,6,1.61,5.5,1.12,Happy
1202,4.1,1.97,2.7,1.35,Sad
1203,4,1.41,3.4,1.28,Sad
1204,6.6,0.92,5.5,1.28,Happy
1205,6,1.67,5.7,1.62,Happy
1206,5.1,1.7,5.8,1.6,Happy
1207,4.7,1.68,3.4,1.74,Sad
1208,6.2,1.08,4.6,1.11,Relaxed
1209,4.4,1.62,2.7,0.78,Sad
1210,3.8,2.04,2.4,1.2,Sad
1211,5.5,1.43,4.7,1.55,Relaxed
1212,3.5,1.43,2.7,1.27,Sad
1213,3.1,1.22,2.8,1.25,Sad
1214,6.2,1.08,5.3,1.49,Happy
1215,6.2,1.17,5.6,1.36,Happy
1216,5.5,1.36,5.3,1.73,Happy
1217,3.9,1.58,2.6,1.02,Sad
1218,3.9,1.92,4.1,1.81,Sad
1219,4.3,1.27,2.2,1.17,Sad
1220,3.6,1.56,2.2,1.08,Sad
1221,5.4,0.8,5.3,1,Happy
1222,4.1,2.02,3.2,1.66,Sad
1223,4.6,1.91,5.6,1.74,Angry
1224,6.2,1.72,6.8,1.33,Happy
1225,3.4,1.85,4.6,2.15,Sad
1226,3.9,1.58,3.8,1.66,Sad
1227,4.7,1.79,5.7,1.85,Angry
1228,5.4,1.43,3.3,1.19,Relaxed
1229,5.2,1.66,4.3,1.68,Relaxed
1230,5.3,1.42,3.7,1.49,Relaxed
1231,5.5,1.5,6.5,1.2,Happy
1232,6.9,0.83,6.3,1.42,Happy
1233,5.5,1.28,4.8,1.47,Relaxed
1234,4.6,1.43,3,0.89,Sad
1235,4.9,1.22,5.8,1.17,Angry
1236,4.5,1.02,4.9,1.04,Sad
1237,4.1,1.37,3.3,1.27,Sad
1238,5.5,1.36,5.1,1.81,Happy
1239,6.3,2,6.7,1.73,Happy
1240,2.7,1.19,2.6,0.8,Sad
1241,4.1,1.37,3.7,1.62,Sad
1242,4.7,0.9,4.3,1.35,Sad
1243,5.8,1.4,5.7,1.55,Happy
1244,4.6,1.5,3.7,1.27,Sad
1245,6.4,1.91,5.3,2,Happy
1246,4.5,1.8,3.1,1.58,Sad
1247,4.4,1.91,6.3,1.85,Angry
1248,3.7,1.35,3,1.26,Sad
1249,5.1,1.76,5.6,1.8,Happy
1250,7,1.41,7.4,0.92,Happy
1251,6.9,0.83,6.3,0.78,Happy
1252,5.2,0.87,5.1,1.04,Happy
1253,4.1,1.3,3,1,Sad
1254,4.7,1.79,6.2,2.23,Angry
1255,3.4,2.32,2,0.81,Sad
1256,5.7,1.27,5.5,1.69,Happy
1257,5,1.18,3.8,1.25,0
1258,5.7,1.62,5.6,1.74,Happy
1259,3.6,1.5,2.8,1.08,Sad
1260,7.2,0.75,6.5,1.43,Happy
1261,3.8,1.83,3.1,1.37,Sad
1262,4.5,1.8,4.8,1.4,Sad
1263,5.8,1.47,5.1,1.22,Happy
1264,4.6,1.96,3.6,1.96,Sad
1265,5.8,1.4,5.5,1.12,Happy
1266,5.6,0.66,5.1,1.14,Happy
1267,4.5,1.69,3.7,1.55,Sad
1268,5.3,1.42,3.7,1.55,Relaxed
1269,3.5,1.2,4.4,1.56,Sad
1270,4.6,1.02,5.3,1.49,Angry
1271,4.6,1.2,4.7,1,Sad
1272,4,1.48,3.2,1.33,Sad
1273,4.8,2.18,5.6,1.69,Angry
1274,6,1.48,5.4,1.11,Happy
1275,3.5,1.63,2.8,1.25,Sad
1276,4.8,1.08,5.5,0.81,Angry
1277,2.9,1.14,2.2,1.17,Sad
1278,5.1,1.58,4.1,1.64,Relaxed
1279,5.6,1.8,4.2,1.33,Relaxed
1280,5.9,1.7,5.4,1.43,Happy
1281,5.4,1.36,4.5,1.86,Relaxed
1282,6.8,1.54,6.4,1.43,Happy
1283,3.3,1.79,5.2,1.47,Angry
1284,6.3,1.42,6.6,1.28,Happy
1285,5.1,1.81,4.9,1.92,Relaxed
1286,3.8,1.83,3,1.34,Sad
1287,4.5,1.36,4.3,2,Sad
1288,5.2,1.54,3.4,1.36,Relaxed
1289,5,1.41,4.4,1.43,0
1290,6.6,1.2,6.6,1.36,Happy
1291,3.6,2.01,2.5,1.28,Sad
1292,5.6,1.91,5.2,1.08,Happy
1293,5.7,1.1,5.1,1.22,Happy
1294,5.9,1.22,5.5,1.28,Happy
1295,6.9,1.04,6.4,1.8,Happy
1296,5,1.34,5.9,0.83,0
1297,4.8,1.81,3.7,1.49,Sad
1298,6.9,0.94,5.6,1.36,Happy
1299,4.5,1.5,4.7,1.27,Sad
1300,6,1.1,4.5,1.2,Relaxed
1301,4.4,0.92,2.8,1.47,Sad
1302,4.4,1.62,3.8,1.72,Sad
1303,6.1,1.81,6.5,1.43,Happy
1304,5.2,1.72,6.3,1.68,Happy
1305,4.7,2,6.2,1.25,Angry
1306,5.3,1.49,5.3,1.68,Happy
1307,5.1,0.94,5.4,1.69,Happy
1308,5.8,1.08,5.3,1.68,Happy
1309,6.5,1.02,7.4,0.92,Happy
1310,5.1,1.3,4.4,1.62,Relaxed
1311,4.1,1.3,3.5,1.36,Sad
1312,5.3,1.1,4,2.19,Relaxed
1313,4.2,1.25,3,0.89,Sad
1314,4.1,1.14,4.1,1.64,Sad
1315,7,1.1,6.4,1.69,Happy
1316,5.2,1.6,4,1.79,Relaxed
1317,5.3,1.73,6.2,1.66,Happy
1318,4.8,1.78,4.3,2.05,Sad
1319,6.5,1.02,5.6,1.36,Happy
1320,3.8,2.39,6.5,1.08,Angry
1321,4.5,1.36,5.7,1.27,Angry
1322,6.5,0.92,5.5,1.63,Happy
1323,5.5,1.63,5,2,0
1324,6.1,1.51,6.7,1.49,Happy
1325,5.9,0.94,5.8,1.54,Happy
1326,6.1,0.94,5,1.18,0
1327,5.5,2.06,2.8,1.47,Relaxed
1328,4.4,1.85,2.7,1.1,Sad
1329,5.3,1.27,4.2,1.99,Relaxed
1330,5.7,1.9,7.2,0.98,Happy
1331,5.3,1.79,4.4,2.15,Relaxed
1332,2.5,1.28,2.3,0.64,Sad
1333,4.5,1.86,5.7,1.79,Angry
1334,3.8,2.71,7.8,1.47,Angry
1335,5.4,1.02,5.6,0.8,Happy
1336,3.6,1.8,2.7,1.55,Sad
1337,5,1.48,6.5,1.2,0
1338,6.2,1.25,6.4,0.92,Happy
1339,7.2,0.75,6.8,1.78,Happy
1340,6.4,0.8,5.7,1.27,Happy
1341,3.5,1.57,3.2,1.66,Sad
1342,6.5,1.69,6.4,1.28,Happy
1343,6,1,5.4,1.62,Happy
1344,6.3,1.35,5.5,1.43,Happy
1345,4.5,1.12,2.9,0.83,Sad
1346,6.5,1.12,5.6,1.69,Happy
1347,4.6,1.02,4,1,Sad
1348,5.8,1.25,6.3,1.42,Happy
1349,5.2,0.87,5.2,0.98,Happy
1350,4,0.89,2.6,1.02,Sad
1351,6.3,1.27,5.9,1.22,Happy
1352,6.7,1.49,6.4,1.43,Happy
1353,5.3,1.19,6.4,1.28,Happy
1354,4.6,1.2,2,1.1,Sad
1355,6.3,1.35,3.8,2.18,Relaxed
1356,5.2,1.94,5.2,2.27,Happy
1357,4.5,1.5,6,1.79,Angry
1358,6,1.34,6,1.48,Happy
1359,3.6,1.74,3.4,1.69,Sad
1360,5.5,1.36,2.9,1.04,Relaxed
1361,4.4,1.56,2.5,1.43,Sad
1362,4.4,1.56,5.4,1.28,Angry
1363,5.1,1.37,3.6,1.02,Relaxed
1364,4.3,1.68,6.2,0.98,Angry
1365,6.5,1.5,6.4,1.69,Happy
1366,5.4,1.69,6.3,0.9,Happy
1367,7.1,1.37,7.2,1.54,Happy
1368,3.4,1.36,3.3,2.15,Sad
1369,6.8,1.47,6.6,1.62,Happy
1370,4.3,1.19,4.1,1.22,Sad
1371,5.7,1.68,5.4,1.69,Happy
1372,4.8,1.47,5.2,1.25,Angry
1373,6.6,1.11,5.7,1.73,Happy
1374,6,1.1,4.1,1.37,Relaxed
1375,5.6,1.69,5.6,1.74,Happy
1376,7,1.48,6.6,1.43,Happy
1377,3.7,1.85,3.1,1.58,Sad
1378,5.5,1.69,5.7,1.62,Happy
1379,5.8,1.33,5.7,1.49,Happy
1380,4.1,1.37,4.5,1.57,Sad
1381,6.1,1.92,7.1,1.14,Happy
1382,4.8,0.98,4.7,1.55,Sad
1383,5.6,1.28,3,1.48,Relaxed
1384,5.8,1.33,5.4,1.2,Happy
1385,6,1.41,6,1.1,Happy
1386,5.9,1.81,5,1.95,0
1387,6.1,0.94,4.5,2.11,Relaxed
1388,6.8,1.47,7.8,1.08,Happy
1389,4.2,1.47,3.3,1.27,Sad
1390,6.1,1.3,6.3,1.49,Happy
1391,4.3,1.55,5.7,1.19,Angry
1392,6.2,1.72,6.7,1.68,Happy
1393,6.2,0.75,4.1,1.45,Relaxed
1394,6,1.34,4.1,1.58,Relaxed
1395,4.7,1.55,3.5,1.2,Sad
1396,6.1,1.7,6,2.05,Happy
1397,4.3,1.49,3.3,1.62,Sad
1398,6.9,1.51,7.6,1.69,Happy
1399,6.1,1.7,6.4,1.62,Happy
1400,5.6,1.85,5.8,2.27,Happy
1401,5.8,1.54,5.3,2.1,Happy
1402,5.6,1.2,2.5,1.28,Relaxed
1403,5.6,1.2,5.1,1.37,Happy
1404,3.8,0.98,2.7,0.78,Sad
1405,3.7,1.73,2.2,0.75,Sad
1406,3.9,1.7,3.7,1.73,Sad
1407,3.6,1.36,3.8,1.25,Sad
1408,4.2,1.54,5,1.1,0
1409,4.9,1.22,3.7,2,Sad
1410,6,1,4.4,1.62,Relaxed
1411,3.9,1.87,2.7,0.46,Sad
1412,4.6,1.11,3.2,1.25,Sad
1413,4.3,1.42,4.1,1.22,Sad
1414,3.7,1.1,4,1.26,Sad
1415,5.7,1.1,4.7,1.27,Relaxed
1416,4.4,1.8,2.7,1.1,Sad
1417,4.6,2.2,2.4,1.11,Sad
1418,4.3,2,3.8,2.27,Sad
1419,3.7,1,2.5,0.81,Sad
1420,4.8,1.54,3.1,1.37,Sad
1421,4.2,1.89,3.2,1.6,Sad
1422,4.1,1.58,2.8,0.75,Sad
1423,4.2,1.33,5.5,1.96,Angry
1424,4.5,1.36,3.5,0.92,Sad
1425,5.1,1.76,5.2,1.89,Happy
1426,6.6,1.62,6.4,1.28,Happy
1427,5,1.79,4.9,2.17,0
1428,4.7,1.9,3.5,1.8,Sad
1429,3,1.26,2.3,0.9,Sad
1430,4.6,1.36,3.2,1.66,Sad
1431,4.1,1.37,4.1,1.14,Sad
1432,3.7,1.27,2.6,0.92,Sad
1433,4,1.48,3.6,1.43,Sad
1434,3.7,1.68,2.8,1.17,Sad
1435,3.6,1.5,5.3,1.68,Angry
1436,4.7,1.27,3.8,1.47,Sad
1437,5.1,1.37,4.5,1.5,Relaxed
1438,3.6,1.91,2.9,1.22,Sad
1439,4.1,1.45,2.9,1.14,Sad
1440,5.1,1.97,4.9,1.97,Relaxed
1441,5,1.18,4,1.55,0
1442,5.3,2.19,2.8,1.33,Relaxed
1443,5.8,1.89,2.9,1.7,Relaxed
1444,4.6,1.02,3.1,1.22,Sad
1445,5.1,1.76,3.6,1.36,Relaxed
1446,5.8,0.75,3.2,1.25,Relaxed
1447,4.4,1.62,4.1,1.7,Sad
1448,4.4,1.43,4.4,2.15,Sad
1449,4.6,1.2,4.1,1.22,Sad
1450,5.7,1.42,5,1.79,0
1451,5.1,1.58,4.8,1.83,Relaxed
1452,4.2,1.25,3.9,1.45,Sad
1453,4,1.79,3.8,1.72,Sad
1454,5.2,1.6,3.6,1.43,Relaxed
1455,4.1,1.87,4.2,1.33,Sad
1456,4.3,1.62,2.2,0.75,Sad
1457,5.4,1.56,4.8,1.6,Relaxed
1458,4.2,1.54,4.7,1.35,Sad
1459,5.4,1.85,5.1,1.87,Happy
1460,4.8,1.4,3.9,1.51,Sad
1461,5.3,1.35,4.2,1.72,Relaxed
1462,4.8,1.17,3.9,0.83,Sad
1463,3.3,1.42,3,1.79,Sad
1464,4.8,1.6,4.4,1.62,Sad
1465,5.2,1.17,3.7,1.1,Relaxed
1466,6.1,0.7,4.5,1.36,Relaxed
1467,4,1.1,4.2,1.08,Sad
1468,3.7,1.42,2,1,Sad
1469,3.1,1.64,3.2,1.6,Sad
1470,5.1,1.37,3.2,1.6,Relaxed
1471,7.3,1.19,6.8,0.98,Happy
1472,5,1.48,5.2,1.08,0
1473,6.1,1.7,6,1.79,Happy
1474,6.6,0.92,6.4,1.11,Happy
1475,4.3,1.19,3.2,0.98,Sad
1476,4.5,2.11,5.1,1.87,Angry
1477,5.1,1.45,4.5,1.36,Relaxed
1478,5.1,1.14,3.5,1.36,Relaxed
1479,5,1.18,5.1,1.51,0
1480,4.8,1.89,5.3,1.42,Angry
1481,3.9,1.45,3.7,1.49,Sad
1482,4.3,1.68,3.4,1.43,Sad
1483,3.9,1.87,3.8,1.17,Sad
1484,4.4,1.36,3.8,1.4,Sad
1485,4.7,1.35,3.8,1.17,Sad
1486,3.7,1.62,2.9,1.04,Sad
1487,4.3,1.85,2.4,0.8,Sad
1488,4.9,1.64,3.9,0.94,Sad
1489,4.9,1.37,4.6,1.43,Sad
1490,3.8,1.47,3.1,1.76,Sad
1491,4.8,1.33,5.2,1.83,Angry
1492,3.3,1.85,2.8,0.75,Sad
1493,4,1.34,6.1,1.7,Angry
1494,4.9,1.45,3.8,1.54,Sad
1495,4.4,1.11,3.9,1.51,Sad
1496,6.1,1.64,5.8,1.47,Happy
1497,4.4,1.74,3.6,1.36,Sad
1498,4.8,1.25,3.8,1.78,Sad
1499,4.8,1.33,4.5,1.2,Sad
1500,3.8,1.72,3.2,1.94,Sad
1501,5,1.95,4.9,1.97,0
1502,7.2,0.98,7,1.34,Happy
1503,5.9,1.14,4.1,2.3,Relaxed
1504,6,1.79,5.9,1.51,Happy
1505,4.2,1.08,4.9,1.58,Sad
1506,5,1.18,4.8,0.87,0
1507,5.5,0.92,5.7,0.9,Happy
1508,5.9,1.64,5.3,1.49,Happy
1509,5.9,1.14,5.4,1.8,Happy
1510,4.1,1.45,5.6,1.02,Angry
1511,5.5,1.57,5.6,1.91,Happy
1512,3.8,1.72,5.2,1.25,Angry
1513,6.1,1.22,6.3,1.19,Happy
1514,4.6,1.96,5.4,1.36,Angry
1515,4.4,1.28,4.8,1.4,Sad
1516,5.6,1.62,4.9,1.76,Relaxed
1517,6,1.67,5,1.67,0
1518,6.1,1.45,6.3,1.55,Happy
1519,5,1.48,5.6,1.02,0
1520,5.3,1.27,5.3,1,Happy
1521,4.8,1.08,4.9,0.83,Sad
1522,5.2,1.4,5.7,1.1,Happy
1523,6.9,1.45,4.8,1.72,Relaxed
1524,5.6,1.43,4.4,2.11,Relaxed
1525,4.5,1.12,4.5,1.5,Sad
1526,5.9,1.45,5.9,1.7,Happy
1527,4.5,1.02,4.7,1,Sad
1528,5.5,1.86,4.6,2.11,Relaxed
1529,5.4,1.96,5.7,1.73,Happy
1530,6.2,0.98,4.2,1.33,Relaxed
1531,5.1,1.92,4.8,2.14,Relaxed
1532,5.8,1.33,5.6,1.8,Happy
1533,5.2,1.83,5.3,1.95,Happy
1534,5.7,0.9,5.7,1.35,Happy
1535,5.4,1.2,5.3,1.1,Happy
1536,4.8,1.08,3.4,1.69,Sad
1537,5.9,1.14,3.4,1.11,Relaxed
1538,6.3,1.19,4.7,1.35,Relaxed
1539,4.4,2.01,4.7,2,Sad
1540,5.7,1.9,5.1,1.92,Happy
1541,5.2,1.08,4.6,1.56,Relaxed
1542,5.5,1.8,5.5,1.43,Happy
1543,6.1,1.45,5.4,1.8,Happy
1544,6.4,1.74,5.4,1.62,Happy
1545,4.8,1.47,4.8,1.25,Sad
1546,5.3,1.19,4.4,1.02,Relaxed
1547,4,1.67,5.8,1.89,Angry
1548,4.6,1.02,3.7,1.35,Sad
1549,4.9,1.81,5.2,1.72,Angry
1550,4.8,1.66,3.7,1.1,Sad
1551,5.6,1.8,5.4,1.56,Happy
1552,5.6,1.56,5.6,1.36,Happy
1553,5.6,1.69,5.9,1.58,Happy
1554,5.8,1.47,4.5,2.16,Relaxed
1555,4.4,1.36,2.9,1.04,Sad
1556,4.7,2,6.1,1.45,Angry
1557,5.5,1.86,6.3,1.42,Happy
1558,3.4,1.56,5.9,1.14,Angry
1559,5.8,0.98,5.2,1.6,Happy
1560,5.2,0.98,5.2,1.4,Happy
1561,5,1.9,6,1.41,0
1562,4.8,2.04,6.3,1.42,Angry
1563,5.1,2.07,5.7,1.79,Happy
1564,6.1,1.81,6.4,1.43,Happy
1565,4.6,1.36,4.9,1.76,Sad
1566,6.2,0.98,5.3,1,Happy
1567,4,1.48,5,1.26,0
1568,5.4,2.2,6,1.61,Happy
1569,5.6,1.5,5.8,1.25,Happy
1570,5.2,1.47,4.6,1.74,Relaxed
1571,4.4,2.06,6.9,1.14,Angry
1572,5.5,2.16,5,2.45,0
1573,4.9,1.37,3.6,1.8,Sad
1574,5.9,1.64,5.4,1.69,Happy
1575,5.2,1.47,5.1,1.51,Happy
1576,5.4,0.8,3.9,1.45,Relaxed
1577,5.2,1.89,4.7,1.73,Relaxed
1578,5.9,0.3,4.8,1.54,Relaxed
1579,5.8,1.72,4.9,1.92,Relaxed
1580,6.1,1.04,5.2,1.08,Happy
1581,6.5,1.28,6.1,1.37,Happy
1582,5.9,1.22,5.4,1.5,Happy
1583,5.6,1.56,5.2,1.99,Happy
1584,4.9,1.37,4.6,1.8,Sad
1585,5,1.95,3.9,1.64,0
1586,4.3,1.62,5,1.1,0
1587,5,1,5.5,1.28,0
1588,4.9,1.64,5.8,1.54,Angry
1589,5.8,1.47,6.1,1.04,Happy
1590,4.2,1.6,6.2,1.17,Angry
1591,5.9,0.94,4.7,1.42,Relaxed
1592,6.1,1.92,6.4,1.8,Happy
1593,4.7,1.62,3.5,1.57,Sad
1594,5.6,1.43,5.4,1.69,Happy
1595,5.6,1.85,5.9,1.51,Happy
1596,5.5,1.8,5.1,1.87,Happy
1597,5.5,1.02,5,0.89,0
1598,4.3,2.19,5.5,1.57,Angry
1599,3.6,1.74,4.1,1.45,Sad
1600,5.6,1.11,5.6,1.11,Happy
1601,5,1.67,5.3,1.73,0
1602,5,1.95,3.7,1.9,0
1603,5.4,0.92,3.9,1.3,Relaxed
1604,4.5,1.5,3.6,0.8,Sad
1605,5.6,1.85,4,1.95,Relaxed
1606,5.6,0.8,4.9,1.04,Relaxed
1607,4.5,2.01,3,1.67,Sad
1608,4.5,2.29,7,1.34,Angry
1609,6.4,1.43,6.5,1.57,Happy
1610,6.4,1.2,4.1,1.45,Relaxed
1611,5.7,2,6.2,1.6,Happy
1612,3.8,0.98,3.1,1.45,Sad
1613,6.2,2.09,6.6,1.62,Happy
1614,6.6,0.97,4.6,1.35,Relaxed
1615,5.7,0.78,4.6,1.62,Relaxed
1616,4.8,2.04,5.5,1.86,Angry
1617,6.1,1.64,5.9,1.81,Happy
1618,6.1,1.64,3.9,1.22,Relaxed
1619,5.2,1.54,5.3,1.55,Happy
1620,6.3,1.49,5.7,1.68,Happy
1621,6.1,1.7,6,1.55,Happy
1622,6,1.73,5.9,1.81,Happy
1623,5.6,1.69,5.3,1.95,Happy
1624,5.7,1.73,6.4,1.62,Happy
1625,4.9,1.22,4.4,1.56,Sad
1626,6.1,1.64,6,1.55,Happy
1627,4.4,1.56,3.9,1.64,Sad
1628,4.7,1.49,4.8,1.4,Sad
1629,6.4,0.8,6.3,1,Happy
1630,6,1,5.4,1.5,Happy
1631,5.7,1.27,4.8,1.4,Relaxed
1632,5.2,0.87,3.4,0.8,Relaxed
1633,6.5,1.36,6.3,1.35,Happy
1634,5.5,1.8,6.1,1.7,Happy
1635,6.8,1.08,6.1,1.3,Happy
1636,4.6,1.8,5.2,1.83,Angry
1637,5.5,0.92,3.6,1.02,Relaxed
1638,5.9,2.12,3.9,1.76,Relaxed
1639,5.3,1.42,5.3,1.62,Happy
1640,6.6,1.74,6.1,1.76,Happy
1641,4.6,1.11,5.3,1.19,Angry
1642,5.1,1.45,4.9,1.51,Relaxed
1643,4.4,1.56,4.3,1.79,Sad
1644,5,1.18,5.9,0.94,0
1645,5.8,1.99,5.7,1.68,Happy
1646,4.5,1.36,3.7,1.73,Sad
1647,7.1,0.83,5.8,1.54,Happy
1648,3.9,1.58,2.5,1.02,Sad
1649,6.1,1.22,6,1.67,Happy
1650,5.9,1.04,4.7,1.19,Relaxed
1651,4.8,0.98,6,1.18,Angry
1652,7.2,0.98,6.3,1.62,Happy
1653,4.3,1,3.1,0.94,Sad
1654,4.8,1.13,3.1,0.74,Sad
1655,6.1,1.45,6.1,1.45,Happy
1656,4.7,1.79,4,1.41,Sad
1657,5.6,1.69,5.7,1.85,Happy
1658,6.2,1.83,5.9,1.81,Happy
1659,4.6,1.91,4.6,1.91,Sad
1660,5.2,1.47,5.5,1.43,Happy
1661,5.7,1.62,6.3,1.42,Happy
1662,6.1,1.45,6,1.84,Happy
1663,4.6,1.69,4.9,1.76,Sad
1664,4.2,1.72,4,1.48,Sad
1665,5.6,1.62,5.7,1.79,Happy
1666,3.8,1.47,3.3,1.42,Sad
1667,6,1.41,7.5,1.02,Happy
1668,5.5,1.63,5.5,1.5,Happy
1669,5.5,1.36,4.9,2.02,Relaxed
1670,5.9,1.04,5.4,1.28,Happy
1671,4.2,1.08,3.3,1,Sad
1672,4.4,1.5,2.6,1.2,Sad
1673,6.1,1.14,5.9,1.87,Happy
1674,5,1.48,5.3,1.42,0
1675,5.5,1.96,5.7,1.85,Happy
1676,5.6,1.11,4.9,1.3,Relaxed
1677,6.8,1.54,6.4,1.11,Happy
1678,5.1,1.7,4.2,1.25,Relaxed
1679,5.4,1.2,5.6,1.2,Happy
1680,6.8,1.17,6.1,1.37,Happy
1681,5,1.73,3.5,1.28,0
1682,6.1,1.04,5.8,1.17,Happy
1683,6,0.77,4.8,1.33,Relaxed
1684,5.1,1.51,5,2.19,0
1685,5.4,2.06,4.5,1.57,Relaxed
1686,3.7,1.62,3.3,1.62,Sad
1687,5.1,1.76,4.7,1.55,Relaxed
1688,5.2,1.89,4.7,1.62,Relaxed
1689,7.1,0.83,6.4,1.11,Happy
1690,5.4,1.91,4.6,1.8,Relaxed
1691,3.7,1.27,3.6,1.02,Sad
1692,3.8,1.47,3.3,1.9,Sad
1693,4.4,1.62,3.8,0.75,Sad
1694,4.5,2.84,6.1,2.17,Angry
1695,5.7,1.49,5.6,1.74,Happy
1696,3.8,1.17,3.3,1.35,Sad
1697,3.3,1.27,2.8,0.87,Sad
1698,4.5,1.36,4.5,1.43,Sad
1699,5.1,1.76,5,1.95,0
1700,5.6,1.5,5,1.79,0
1701,4,1.55,3.1,1.51,Sad
1702,4.1,1.3,3.9,1.81,Sad
1703,5.3,1.42,6.7,2.1,Happy
1704,5.3,1.62,6.4,1.11,Happy
1705,4,1.34,4.4,1.43,Sad
1706,4.9,1.81,4,1.9,Sad
1707,3.5,1.28,4,1.26,Sad
1708,4.2,1.4,3.6,1.43,Sad
1709,4,2,3.8,1.94,Sad
1710,3.6,1.02,2.9,0.94,Sad
1711,5,1.1,3.2,1.47,0
1712,4.4,1.69,2.9,1.22,Sad
1713,6.2,1.4,5.7,1.27,Happy
1714,6.1,0.7,4,1.61,Relaxed
1715,5.9,1.22,5.6,1.62,Happy
1716,5.8,1.47,5.4,1.28,Happy
1717,6,0.89,4.8,1.33,Relaxed
1718,4.7,1.49,3.5,1.91,Sad
1719,5,1.61,3.3,1.49,0
1720,7.5,0.92,6,1.48,Happy
1721,4.2,1.25,2.9,1.14,Sad
1722,5,1.48,3.1,1.22,0
1723,4.3,1.27,3.4,1.28,Sad
1724,3.7,1.79,3.3,1.49,Sad
1725,5.2,1.33,4.4,1.36,Relaxed
1726,4.6,1.28,3.2,1.17,Sad
1727,4.9,1.3,4.7,1.42,Sad
1728,3.1,1.45,4.7,2.28,Sad
1729,5.1,1.97,5.4,1.56,Happy
1730,5.3,0.9,3.9,1.51,Relaxed
1731,4.2,1.08,3.6,1.5,Sad
1732,4.2,1.6,3,1.1,Sad
1733,3.8,1.83,3.3,1.55,Sad
1734,5.1,1.58,5.2,1.72,Happy
1735,4.7,1.49,3,1.18,Sad
1736,4.7,1.49,3.1,0.94,Sad
1737,3.6,1.62,3.6,1.36,Sad
1738,2.8,1.6,4.8,1.72,Sad
1739,3.7,1.55,2.8,1.17,Sad
1740,5.3,1.49,4.3,1.55,Relaxed
1741,3.3,1.49,3.5,1.36,Sad
1742,6.8,0.98,5.1,1.58,Happy
1743,6.8,0.98,6.5,1.2,Happy
1744,4.9,0.94,4.3,0.9,Sad
1745,7.1,0.94,5.9,1.7,Happy
1746,5.7,1.19,4.8,1.17,Relaxed
1747,4.3,1.35,2.9,1.14,Sad
1748,5.4,0.66,4.1,1.22,Relaxed
1749,6.7,1.42,4.6,0.92,Relaxed
1750,4.7,1.35,5.3,1.49,Angry
1751,4.1,1.14,4.3,1.55,Sad
1752,5.5,2.25,6.1,1.81,Happy
1753,3.2,1.25,3.4,1.5,Sad
1754,4.2,1.54,2.4,1.02,Sad
1755,6.4,1.62,5.7,1.19,Happy
1756,4.4,1.36,3.9,1.22,Sad
1757,5,0.77,3.1,0.83,0
1758,5.4,1.02,3,1,Relaxed
1759,5.4,1.28,4.7,1.55,Relaxed
1760,4.3,1.68,4.1,1.64,Sad
1761,7.9,0.83,7.1,1.22,Happy
1762,6.1,1.81,5.4,1.91,Happy
1763,4.4,1.11,3.5,1.02,Sad
1764,4.9,1.81,4,1.61,Sad
1765,5.8,0.98,4.6,1.02,Relaxed
1766,3.7,1.19,3,1.1,Sad
1767,3.8,1.78,2.4,1.36,Sad
1768,4.1,1.64,3.1,1.37,Sad
1769,5.9,1.37,5.3,1.42,Happy
1770,4.5,1.63,2.9,1.37,Sad
1771,4.9,0.94,5.3,1,Angry
1772,5.6,1.62,4.3,1.35,Relaxed
1773,5.4,1.56,4.1,1.58,Relaxed
1774,4.9,1.58,4.8,1.47,Sad
1775,4.6,1.02,3,0.77,Sad
1776,4.8,1.94,3.8,1.66,Sad
1777,5.3,1.73,4.4,1.8,Relaxed
1778,4.4,1.5,3.2,1.99,Sad
1779,5.7,1.9,2.9,0.94,Relaxed
1780,4.8,1.33,3.5,1.2,Sad
1781,4.2,1.83,2.7,1.1,Sad
1782,4.7,1.68,5.2,1.89,Angry
1783,4.2,1.47,3.3,1.1,Sad
1784,5.5,1.2,5.1,1.58,Happy
1785,5.6,0.8,5.2,1.17,Happy
1786,4.2,1.94,3.1,1.58,Sad
1787,3.9,1.64,3.4,1.2,Sad
1788,3.6,1.74,6,2.37,Angry
1789,5.9,1.04,5.1,0.94,Happy
1790,3.8,1.99,3.3,1.49,Sad
1791,5.3,1.79,3.3,1.1,Relaxed
1792,6.1,0.54,5.1,1.04,Happy
1793,5.1,0.83,4.2,0.87,Relaxed
1794,4.2,0.98,3.7,1.1,Sad
1795,3.9,1.3,3,1,Sad
1796,5.8,1.6,6,1.55,Happy
1797,3.6,1.11,4.1,1.81,Sad
1798,5.7,0.64,4,1.48,Relaxed
1799,5.8,0.87,4.5,1.28,Relaxed
1800,3.4,1.62,2.6,1.02,Sad
1801,3.4,1.5,2.8,1.6,Sad
1802,5.7,1.55,6.6,1.69,Happy
1803,4.1,1.58,3.6,1.36,Sad
1804,5.7,1.1,5.9,0.94,Happy
1805,5.7,1.27,4.9,1.22,Relaxed
1806,6.5,1.36,6.2,1.33,Happy
1807,5.7,0.9,5.3,1,Happy
1808,5.4,1.74,5.3,1.79,Happy
1809,4,1.34,4.1,1.22,Sad
1810,4.1,0.94,4,1.41,Sad
1811,4.6,1.91,4.7,1.73,Sad
1812,5,1.9,5,1.61,0
1813,6.1,2.02,5.7,1.68,Happy
1814,6,1.61,5.8,1.66,Happy
1815,6.4,1.02,5.8,1.54,Happy
1816,5,1.73,4.5,2.11,0
1817,6.6,0.92,6,1.1,Happy
1818,4.3,1.79,3.2,1.33,Sad
1819,4.1,1.14,4.1,0.94,Sad
1820,4.5,1.2,4.4,1.2,Sad
1821,6.2,1.33,6.6,1.11,Happy
1822,4.7,1.62,3.5,1.28,Sad
1823,2.7,1.19,5.6,2.01,Angry
1824,6.2,0.75,5.7,1,Happy
1825,4.8,1.47,4.5,1.36,Sad
1826,5.1,1.22,3.7,1.42,Relaxed
1827,5.6,1.69,6.7,1.49,Happy
1828,5.8,1.6,6.6,1.69,Happy
1829,4.8,1.72,3.6,1.62,Sad
1830,5.7,1,5.3,1.27,Happy
1831,6.2,0.98,5.6,1.5,Happy
1832,5.7,1.73,5.2,1.89,Happy
1833,4.5,1.43,3.2,0.75,Sad
1834,6.3,1.42,5.7,1.73,Happy
1835,5.3,1,3.2,0.87,Relaxed
1836,5.6,1.69,4.6,1.11,Relaxed
1837,4.2,1.78,2.9,1.58,Sad
1838,4.6,1.69,5,2.1,0
1839,6,1.67,5.7,1.73,Happy
1840,4.8,1.89,5.4,1.91,Angry
1841,4.6,1.8,3.1,1.58,Sad
1842,5.8,1.72,6.3,1.35,Happy
1843,4.9,1.37,4.7,1.27,Sad
1844,6.1,1.76,5.5,2.06,Happy
1845,5.9,1.37,5.9,1.45,Happy
1846,5.8,1.6,5.8,1.6,Happy
1847,3.2,1.17,2.6,0.92,Sad
1848,5.5,1.69,5,1.79,0
1849,6,0.89,5.8,1.08,Happy
1850,3.7,1.55,2.7,1.27,Sad
1851,4.6,1.69,3.3,1.9,Sad
1852,4.1,1.51,4.7,2.1,Sad
1853,6.5,0.81,5.7,1.27,Happy
1854,5.2,1.25,4.5,1.28,Relaxed
1855,5.4,1.56,6,1.34,Happy
1856,6.1,1.76,6.7,1.85,Happy
1857,5.3,1.27,5,1,0
1858,5.2,1.33,5.6,1.56,Happy
1859,5.2,1.47,5,1.55,0
1860,3.7,0.78,3.5,0.81,Sad
1861,5.1,1.3,5,1.48,0
1862,5.1,1.45,4.9,1.87,Relaxed
1863,6.4,1.43,5.7,1.85,Happy
1864,6.1,1.58,7.4,1.8,Happy
1865,6.8,0.75,5.9,1.51,Happy
1866,4.8,1.4,4.5,1.43,Sad
1867,4.2,1.54,4,1.73,Sad
1868,5.8,1.4,5,1.61,0
1869,4.1,1.51,3.7,1.55,Sad
1870,5.4,1.2,5.6,1.28,Happy
1871,6.4,1.11,6.6,1.36,Happy
1872,4.5,1.36,4.2,1.4,Sad
1873,4.7,1.62,3.4,1.43,Sad
1874,5,1.67,6.3,1.49,0
1875,6.3,1.19,6.2,1.47,Happy
1876,6.3,1.35,5,1.79,0
1877,6.2,1.66,5.5,1.5,Happy
1878,6.7,0.78,6.3,1,Happy
1879,5.4,2.24,6.4,2.2,Happy
1880,5.4,1.36,3.2,1.4,Relaxed
1881,5,1.1,5.2,1.25,0
1882,5.5,1.5,6.2,1.66,Happy
1883,5.6,0.8,4.5,1.12,Relaxed
1884,6.5,0.81,5.6,1.36,Happy
1885,3.9,2.17,3.9,1.97,Sad
1886,4.1,1.3,3,1.18,Sad
1887,6,1.41,5.8,1.4,Happy
1888,3.4,1.5,3.2,1.78,Sad
1889,5.6,1.91,5.5,1.96,Happy
1890,6,1.61,5.8,1.17,Happy
1891,5,1.18,3.5,1.2,0
1892,5.1,2.07,6.1,1.04,Happy
1893,6.3,1.19,6.2,1.08,Happy
1894,4.8,0.75,4.8,0.87,Sad
1895,6.5,0.67,5.9,0.94,Happy
1896,4.9,2.02,2.1,0.94,Sad
1897,4.2,1.33,3.8,1.66,Sad
1898,5.1,0.94,4.2,1.17,Relaxed
1899,5,2.19,4.1,1.76,0
1900,6.5,1.12,6.7,1.19,Happy
1901,5.2,1.66,6.4,1.28,Happy
1902,4.4,2.37,7.3,1.49,Angry
1903,3.2,2.36,6.9,1.76,Angry
1904,4.1,0.94,3.4,1.02,Sad
1905,3.7,2,6.5,1.5,Angry
1906,4.4,1.69,6.2,1.47,Angry
1907,4.9,1.64,6.5,1.43,Angry
1908,5.2,2.18,5.1,1.76,Happy
1909,4.9,1.7,5,1.73,0
1910,3.8,1.6,3.3,1.35,Sad
1911,4.3,1.95,5.4,2.11,Angry
1912,5.4,1.2,5.5,1.12,Happy
1913,6,1.48,6.5,1.63,Happy
1914,5.3,2.1,6.3,1.35,Happy
1915,6.3,1.27,6.5,1.2,Happy
1916,5.4,1.5,6.3,1.49,Happy
1917,4.1,1.04,4.6,1.02,Sad
1918,3.4,1.5,4.6,1.69,Sad
1919,4.5,1.86,5.4,1.96,Angry
1920,5.7,2.15,6.4,1.96,Happy
1921,4.4,2.06,6.5,2.2,Angry
1922,5.6,1.85,5.8,1.6,Happy
1923,6.4,1.28,6.2,1.54,Happy
1924,5.3,2.1,5.7,2,Happy
1925,4.9,1.51,4.5,1.57,Sad
1926,5.2,1.99,6.1,1.92,Happy
1927,5.6,1.28,4.6,1.28,Relaxed
1928,3.7,1.35,5.6,1.02,Angry
1929,5.1,1.37,6.7,1.1,Happy
1930,4.6,1.43,4,1.1,Sad
1931,4.7,1.27,5.5,1.43,Angry
1932,4.8,1.6,6,1.73,Angry
1933,5.2,1.66,7,1.41,Happy
1934,5.8,1.78,3.8,1.33,Relaxed
1935,4.7,1.73,4.4,1.69,Sad
1936,2.9,1.3,3,1.9,Sad
1937,4.3,1.35,3.9,1.51,Sad
1938,5.6,1.74,7,1.48,Happy
1939,4.4,1.11,3.2,1.25,Sad
1940,5.1,1.51,5.6,0.92,Happy
1941,5.2,1.33,4.4,1.56,Relaxed
1942,6.4,1.8,6.8,1.6,Happy
1943,4.2,0.98,4.4,1.02,Sad
1944,6.1,1.92,5.1,1.58,Happy
1945,6,1.55,6.1,1.58,Happy
1946,4,2.19,6,1.9,Angry
1947,5,2.19,7.4,1.28,0
1948,4,2.45,6.7,1.79,Angry
1949,2.2,1.54,5.1,2.59,Angry
1950,3.8,1.99,3.4,2.11,Sad
1951,4.6,1.5,4,1.26,Sad
1952,4.1,0.94,4.4,0.8,Sad
1953,5.1,1.37,4.4,1.36,Relaxed
1954,6.7,0.64,5.7,1.1,Happy
1955,5.5,1.63,6.5,1.57,Happy
1956,5.4,1.11,5.9,1.7,Happy
1957,4.8,1.33,4.8,1.17,Sad
1958,4.8,1.25,5.1,1.7,Angry
1959,4.7,1.85,5.8,1.4,Angry
1960,4.5,1.96,6.7,1.79,Angry
1961,5.9,0.54,5.3,1.1,Happy
1962,4.4,1.43,5,1.61,0
1963,3.9,2.3,5.5,2.11,Angry
1964,3.6,2.2,6.7,1.95,Angry
1965,3.3,1.35,3.5,1.5,Sad
1966,3.6,1.2,5,1.73,0
1967,4.7,2.9,6.9,1.97,Angry
1968,4.6,1.84,6.18,1.13,Angry
1969,3.7,2.24,5.7,2.49,Angry
1970,5.9,1.37,7.1,1.51,Happy
1971,5.5,1.75,5.5,1.57,Happy
1972,6,1.55,5.9,1.45,Happy
1973,4.3,1.49,4.3,1.19,Sad
1974,3.4,1.11,4.7,1.85,Sad
1975,4.7,1.55,5.6,1.62,Angry
1976,4.9,1.64,5.4,1.43,Angry
1977,4.7,1.85,5.2,1.78,Angry
1978,6.5,1.02,6.5,0.92,Happy
1979,5.5,2.29,7.2,1.33,Happy
1980,5.5,1.43,5.4,1.36,Happy
1981,5.1,1.92,5.8,2.18,Happy
1982,4.5,1.28,4.5,1.43,Sad
1983,2.9,1.51,3.4,1.11,Sad
1984,3.7,1.35,2.9,1.37,Sad
1985,4.8,1.89,5.6,1.69,Angry
1986,4,2.05,5.1,2.07,Angry
1987,6.5,1.12,6.3,1.42,Happy
1988,5.5,1.43,5.8,1.4,Happy
1989,5,1.84,5.7,1.27,0
1990,4.2,1.66,4.1,1.81,Sad
1991,5,2.1,6,1.41,0
1992,4.9,2.26,6.8,2.09,Angry
1993,3.5,2.38,7,1.1,Angry
1994,3.8,0.87,3.5,1.12,Sad
1995,4.7,1.73,4.7,1.1,Sad
1996,3.9,1.87,5.9,2.21,Angry
1997,5.3,1.42,3.9,1.14,Relaxed
1998,6.4,1.5,6.2,1.6,Happy
1999,4.6,2.11,5.4,1.8,Angry
2000,5.8,1.78,6,1.67,Happy
2001,3.2,,6.6,,Angry
2002,6.4,,5.2,,Happy
2003,5.4,,4.6,,Relaxed
2004,5,,4.8,,0
2005,3.8,,5.2,,Angry
2006,5,,3.2,,0
2007,3.4,,4.4,,Sad
2008,5.6,,3.6,,Relaxed
2009,5.2,,4.2,,Relaxed
2010,6,,4.8,,Relaxed
2011,4.2,,5,,0
2012,3.17,,5.17,,Angry
2013,5.4,,5.6,,Happy
2014,3,,6.6,,Angry
2015,6.6,,5.4,,Happy
2016,7.2,,5.6,,Happy
2017,6.67,,6.5,,Happy
2018,6.5,,6.33,,Happy
2019,6.8,,6.8,,Happy
2020,6.8,,5.8,,Happy
2021,4.2,,4.4,,Sad
2022,3.8,,4.4,,Sad
2023,5.6,,3,,Relaxed
2024,6.4,,4.4,,Relaxed
2025,6,,4.8,,Relaxed
2026,5.6,,4,,Relaxed
2027,5.8,,5.4,,Happy
2028,3.4,,6.2,,Angry
2029,4.17,,4,,Sad
2030,4.2,,6.2,,Angry
2031,4.6,,3.4,,Sad
2032,5.2,,4.4,,Relaxed
2033,3.17,,6.83,,Angry
2034,6.2,,4.6,,Relaxed
2035,3.4,,4.6,,Sad
2036,3.83,,4.67,,Sad
2037,6.4,,4.4,,Relaxed
2038,4,,3.8,,Sad
2039,5.4,,4.6,,Relaxed
2040,3.6,,7,,Angry
2041,4.4,,3,,Sad
2042,4.8,,4.6,,Sad
2043,5.6,,4.4,,Relaxed
2044,6.4,,5.2,,Happy
2045,4.8,,3.2,,Sad
2046,5.5,,5.17,,Happy
2047,6.2,,5,,0
2048,6.2,,3.6,,Relaxed
2049,4.4,,3.8,,Sad
2050,4.4,,3.6,,Sad
2051,3.2,,4.6,,Sad
2052,3.2,,5.2,,Angry
2053,3.8,,3.8,,Sad
2054,5.4,,3.6,,Relaxed
2055,5,,5.2,,0
2056,5,,4.6,,0
2057,3.17,,6.83,,Angry
2058,3.8,,5.8,,Angry
